geneid,num_variants
ENSG00000000419,2
ENSG00000000971,28
ENSG00000001497,6
ENSG00000001626,52
ENSG00000001631,12
ENSG00000003137,4
ENSG00000003393,16
ENSG00000003509,2
ENSG00000004455,10
ENSG00000004487,12
ENSG00000004838,10
ENSG00000004848,46
ENSG00000004864,8
ENSG00000004939,30
ENSG00000004961,6
ENSG00000005007,2
ENSG00000005302,2
ENSG00000005339,186
ENSG00000005381,6
ENSG00000005471,12
ENSG00000005483,12
ENSG00000005810,2
ENSG00000005884,6
ENSG00000005893,10
ENSG00000005961,20
ENSG00000006016,6
ENSG00000006071,34
ENSG00000006283,42
ENSG00000006451,12
ENSG00000006530,2
ENSG00000006611,4
ENSG00000006638,2
ENSG00000006695,6
ENSG00000006704,2
ENSG00000006744,12
ENSG00000007062,12
ENSG00000007168,26
ENSG00000007174,2
ENSG00000007314,36
ENSG00000007372,24
ENSG00000007402,2
ENSG00000007541,2
ENSG00000007933,28
ENSG00000008056,8
ENSG00000008083,2
ENSG00000008086,208
ENSG00000008196,4
ENSG00000008277,4
ENSG00000008311,4
ENSG00000008441,22
ENSG00000008710,186
ENSG00000008853,20
ENSG00000008988,4
ENSG00000009413,2
ENSG00000009765,8
ENSG00000009830,16
ENSG00000010404,100
ENSG00000010671,30
ENSG00000010704,6
ENSG00000010818,6
ENSG00000011143,16
ENSG00000011198,4
ENSG00000011201,14
ENSG00000011275,4
ENSG00000011376,20
ENSG00000011426,4
ENSG00000011677,2
ENSG00000012048,394
ENSG00000012174,10
ENSG00000012232,2
ENSG00000012504,2
ENSG00000013293,4
ENSG00000013375,6
ENSG00000013503,12
ENSG00000013573,2
ENSG00000014216,6
ENSG00000014919,4
ENSG00000015133,6
ENSG00000015171,24
ENSG00000015285,54
ENSG00000015479,2
ENSG00000015532,4
ENSG00000017260,4
ENSG00000018510,4
ENSG00000018625,20
ENSG00000019186,14
ENSG00000020129,4
ENSG00000020922,8
ENSG00000021488,12
ENSG00000021574,36
ENSG00000021826,88
ENSG00000022267,30
ENSG00000022355,34
ENSG00000023228,2
ENSG00000023839,18
ENSG00000025708,44
ENSG00000026103,22
ENSG00000027001,6
ENSG00000027697,4
ENSG00000027847,2
ENSG00000029534,8
ENSG00000030304,12
ENSG00000030582,6
ENSG00000031698,2
ENSG00000032444,18
ENSG00000033011,46
ENSG00000033030,8
ENSG00000033627,2
ENSG00000034693,2
ENSG00000034971,40
ENSG00000035403,2
ENSG00000035720,2
ENSG00000036257,14
ENSG00000036473,30
ENSG00000036828,24
ENSG00000037280,26
ENSG00000037474,4
ENSG00000038002,12
ENSG00000038382,62
ENSG00000038427,2
ENSG00000038945,8
ENSG00000039068,36
ENSG00000039139,74
ENSG00000039319,2
ENSG00000039650,8
ENSG00000040531,24
ENSG00000041515,2
ENSG00000041982,6
ENSG00000042088,4
ENSG00000042317,4
ENSG00000042429,6
ENSG00000042753,6
ENSG00000042781,274
ENSG00000042832,14
ENSG00000043355,6
ENSG00000043514,6
ENSG00000044090,12
ENSG00000044446,38
ENSG00000046604,10
ENSG00000046651,14
ENSG00000046889,2
ENSG00000047056,16
ENSG00000047457,8
ENSG00000047621,2
ENSG00000047936,2
ENSG00000048342,62
ENSG00000048545,6
ENSG00000048707,14
ENSG00000048740,6
ENSG00000049089,4
ENSG00000049130,4
ENSG00000049167,10
ENSG00000049192,2
ENSG00000049540,12
ENSG00000049618,34
ENSG00000049759,4
ENSG00000049768,38
ENSG00000049860,26
ENSG00000050030,2
ENSG00000051180,8
ENSG00000051523,14
ENSG00000052802,2
ENSG00000052850,2
ENSG00000053747,14
ENSG00000053918,22
ENSG00000054392,2
ENSG00000054598,10
ENSG00000054654,2
ENSG00000054967,4
ENSG00000054983,18
ENSG00000055118,50
ENSG00000055163,38
ENSG00000055208,2
ENSG00000055332,4
ENSG00000055609,16
ENSG00000056972,2
ENSG00000057294,24
ENSG00000057468,2
ENSG00000057593,12
ENSG00000058085,6
ENSG00000058262,4
ENSG00000058272,2
ENSG00000058404,12
ENSG00000059377,2
ENSG00000059573,20
ENSG00000059691,2
ENSG00000060237,2
ENSG00000060642,10
ENSG00000060718,42
ENSG00000060762,4
ENSG00000062038,6
ENSG00000062822,6
ENSG00000063169,2
ENSG00000064012,2
ENSG00000064195,6
ENSG00000064218,2
ENSG00000064309,4
ENSG00000064419,2
ENSG00000064490,4
ENSG00000064601,10
ENSG00000064651,2
ENSG00000064835,8
ENSG00000064933,4
ENSG00000065135,8
ENSG00000065154,6
ENSG00000065361,4
ENSG00000065427,20
ENSG00000065534,2
ENSG00000065618,14
ENSG00000065883,52
ENSG00000065923,2
ENSG00000066230,4
ENSG00000066279,4
ENSG00000066322,2
ENSG00000066336,2
ENSG00000066468,32
ENSG00000066654,2
ENSG00000066777,2
ENSG00000066923,2
ENSG00000066926,16
ENSG00000067182,44
ENSG00000067560,2
ENSG00000067704,6
ENSG00000067715,4
ENSG00000067842,12
ENSG00000068024,8
ENSG00000068078,96
ENSG00000068120,4
ENSG00000068323,18
ENSG00000068366,2
ENSG00000068438,6
ENSG00000068615,22
ENSG00000068654,2
ENSG00000068724,6
ENSG00000068796,8
ENSG00000068831,12
ENSG00000068976,10
ENSG00000069011,4
ENSG00000069248,4
ENSG00000069329,4
ENSG00000069431,18
ENSG00000069667,8
ENSG00000069943,6
ENSG00000069966,6
ENSG00000069974,2
ENSG00000070018,8
ENSG00000070019,8
ENSG00000070061,6
ENSG00000070182,20
ENSG00000070193,4
ENSG00000070269,4
ENSG00000070371,2
ENSG00000070610,14
ENSG00000070614,2
ENSG00000070669,6
ENSG00000070729,18
ENSG00000070748,48
ENSG00000070785,14
ENSG00000070808,12
ENSG00000070814,12
ENSG00000070831,8
ENSG00000070915,32
ENSG00000070961,2
ENSG00000071054,4
ENSG00000071553,6
ENSG00000071564,2
ENSG00000071859,4
ENSG00000072062,2
ENSG00000072071,4
ENSG00000072110,10
ENSG00000072121,4
ENSG00000072210,38
ENSG00000072274,2
ENSG00000072310,4
ENSG00000072364,8
ENSG00000072415,2
ENSG00000072501,38
ENSG00000072506,12
ENSG00000072571,2
ENSG00000072756,8
ENSG00000072778,28
ENSG00000072840,12
ENSG00000073050,2
ENSG00000073111,2
ENSG00000073146,2
ENSG00000073282,32
ENSG00000073331,2
ENSG00000073464,42
ENSG00000073578,36
ENSG00000073584,18
ENSG00000073614,4
ENSG00000073734,62
ENSG00000073969,4
ENSG00000074047,2
ENSG00000074071,4
ENSG00000074181,182
ENSG00000074266,6
ENSG00000074410,2
ENSG00000074582,6
ENSG00000074803,20
ENSG00000074964,2
ENSG00000075043,146
ENSG00000075239,18
ENSG00000075624,8
ENSG00000075643,2
ENSG00000075651,8
ENSG00000075702,20
ENSG00000075785,8
ENSG00000075891,6
ENSG00000076242,172
ENSG00000076351,4
ENSG00000076356,2
ENSG00000076685,2
ENSG00000076716,2
ENSG00000076944,16
ENSG00000077080,2
ENSG00000077092,6
ENSG00000077150,2
ENSG00000077235,2
ENSG00000077264,10
ENSG00000077279,6
ENSG00000077312,2
ENSG00000077348,4
ENSG00000077380,2
ENSG00000077463,2
ENSG00000077498,6
ENSG00000077522,12
ENSG00000077782,52
ENSG00000078070,30
ENSG00000078124,4
ENSG00000078304,4
ENSG00000078328,6
ENSG00000078369,26
ENSG00000078747,2
ENSG00000079335,8
ENSG00000079432,14
ENSG00000079482,16
ENSG00000079616,14
ENSG00000079739,12
ENSG00000079805,28
ENSG00000080493,6
ENSG00000080503,160
ENSG00000080572,2
ENSG00000080603,4
ENSG00000080644,2
ENSG00000080709,4
ENSG00000080815,14
ENSG00000080819,4
ENSG00000081051,2
ENSG00000081052,188
ENSG00000081148,10
ENSG00000081189,50
ENSG00000081237,2
ENSG00000081248,34
ENSG00000081307,10
ENSG00000081479,10
ENSG00000081923,30
ENSG00000082516,6
ENSG00000083067,12
ENSG00000083093,16
ENSG00000083123,6
ENSG00000083168,16
ENSG00000083290,2
ENSG00000083307,2
ENSG00000083444,6
ENSG00000083535,2
ENSG00000083720,8
ENSG00000083799,4
ENSG00000083937,2
ENSG00000084073,2
ENSG00000084674,14
ENSG00000084693,6
ENSG00000084754,30
ENSG00000084774,6
ENSG00000085063,4
ENSG00000085185,4
ENSG00000085224,96
ENSG00000085276,10
ENSG00000085382,2
ENSG00000085433,2
ENSG00000085491,6
ENSG00000085760,2
ENSG00000085788,4
ENSG00000085840,10
ENSG00000085998,46
ENSG00000085999,8
ENSG00000086570,2
ENSG00000086758,106
ENSG00000087053,6
ENSG00000087086,2
ENSG00000087111,4
ENSG00000087116,2
ENSG00000087245,4
ENSG00000087258,58
ENSG00000087266,14
ENSG00000087299,12
ENSG00000087460,110
ENSG00000087470,2
ENSG00000087494,2
ENSG00000088002,8
ENSG00000088035,10
ENSG00000088038,16
ENSG00000088256,2
ENSG00000088305,8
ENSG00000088367,2
ENSG00000088451,6
ENSG00000088836,28
ENSG00000088926,14
ENSG00000088970,2
ENSG00000089063,2
ENSG00000089094,6
ENSG00000089123,2
ENSG00000089169,2
ENSG00000089225,40
ENSG00000089280,18
ENSG00000089597,4
ENSG00000090020,2
ENSG00000090054,14
ENSG00000090382,4
ENSG00000090402,4
ENSG00000090520,4
ENSG00000090534,12
ENSG00000090581,6
ENSG00000090674,10
ENSG00000090776,12
ENSG00000090861,22
ENSG00000090924,2
ENSG00000090932,8
ENSG00000091010,2
ENSG00000091106,20
ENSG00000091127,4
ENSG00000091137,32
ENSG00000091138,12
ENSG00000091140,6
ENSG00000091262,76
ENSG00000091482,2
ENSG00000091483,18
ENSG00000091536,104
ENSG00000091592,4
ENSG00000091651,6
ENSG00000091704,6
ENSG00000092020,2
ENSG00000092054,32
ENSG00000092067,2
ENSG00000092094,6
ENSG00000092200,10
ENSG00000092201,6
ENSG00000092295,40
ENSG00000092330,16
ENSG00000092421,2
ENSG00000092439,4
ENSG00000092529,30
ENSG00000092621,14
ENSG00000092847,2
ENSG00000092929,10
ENSG00000092964,2
ENSG00000092969,10
ENSG00000093009,10
ENSG00000093072,18
ENSG00000094631,2
ENSG00000094914,22
ENSG00000095002,246
ENSG00000095015,14
ENSG00000095059,2
ENSG00000095380,2
ENSG00000095464,14
ENSG00000095485,8
ENSG00000095574,2
ENSG00000095627,2
ENSG00000095777,2
ENSG00000095970,6
ENSG00000096433,2
ENSG00000096696,30
ENSG00000096872,4
ENSG00000096968,4
ENSG00000096996,10
ENSG00000097007,32
ENSG00000099246,2
ENSG00000099308,4
ENSG00000099365,8
ENSG00000099377,2
ENSG00000099381,8
ENSG00000099769,4
ENSG00000099822,14
ENSG00000099940,4
ENSG00000099949,18
ENSG00000099956,14
ENSG00000100014,10
ENSG00000100024,4
ENSG00000100030,2
ENSG00000100053,4
ENSG00000100122,8
ENSG00000100146,38
ENSG00000100150,10
ENSG00000100170,8
ENSG00000100207,6
ENSG00000100225,10
ENSG00000100234,6
ENSG00000100241,4
ENSG00000100243,8
ENSG00000100280,2
ENSG00000100299,22
ENSG00000100311,12
ENSG00000100345,76
ENSG00000100360,4
ENSG00000100364,2
ENSG00000100365,2
ENSG00000100379,2
ENSG00000100393,64
ENSG00000100412,10
ENSG00000100416,26
ENSG00000100427,20
ENSG00000100473,16
ENSG00000100478,4
ENSG00000100485,20
ENSG00000100504,16
ENSG00000100577,2
ENSG00000100578,6
ENSG00000100596,10
ENSG00000100644,6
ENSG00000100697,80
ENSG00000100714,6
ENSG00000100726,4
ENSG00000100749,8
ENSG00000100811,6
ENSG00000100815,6
ENSG00000100865,2
ENSG00000100883,6
ENSG00000100888,30
ENSG00000100906,2
ENSG00000100934,2
ENSG00000100983,4
ENSG00000100985,2
ENSG00000100997,2
ENSG00000101003,2
ENSG00000101076,50
ENSG00000101126,10
ENSG00000101152,4
ENSG00000101162,4
ENSG00000101200,10
ENSG00000101204,8
ENSG00000101210,22
ENSG00000101247,24
ENSG00000101266,20
ENSG00000101276,12
ENSG00000101292,8
ENSG00000101310,18
ENSG00000101311,2
ENSG00000101333,20
ENSG00000101347,10
ENSG00000101384,54
ENSG00000101400,2
ENSG00000101407,6
ENSG00000101438,2
ENSG00000101444,8
ENSG00000101577,2
ENSG00000101596,8
ENSG00000101680,4
ENSG00000101695,2
ENSG00000101752,2
ENSG00000101773,2
ENSG00000101846,12
ENSG00000101850,24
ENSG00000101868,8
ENSG00000101871,14
ENSG00000101882,4
ENSG00000101901,12
ENSG00000101916,2
ENSG00000101938,4
ENSG00000101958,4
ENSG00000101972,10
ENSG00000101974,2
ENSG00000101981,42
ENSG00000101986,144
ENSG00000102001,10
ENSG00000102003,2
ENSG00000102024,8
ENSG00000102030,6
ENSG00000102034,2
ENSG00000102076,2
ENSG00000102081,6
ENSG00000102100,30
ENSG00000102103,8
ENSG00000102104,20
ENSG00000102119,10
ENSG00000102125,26
ENSG00000102144,8
ENSG00000102145,24
ENSG00000102158,2
ENSG00000102172,8
ENSG00000102174,50
ENSG00000102218,20
ENSG00000102226,2
ENSG00000102245,34
ENSG00000102302,16
ENSG00000102312,26
ENSG00000102316,2
ENSG00000102359,2
ENSG00000102393,22
ENSG00000102452,16
ENSG00000102575,10
ENSG00000102678,4
ENSG00000102683,8
ENSG00000102743,8
ENSG00000102753,4
ENSG00000102805,6
ENSG00000102878,4
ENSG00000102879,2
ENSG00000102882,2
ENSG00000102900,2
ENSG00000102935,2
ENSG00000102967,4
ENSG00000102974,12
ENSG00000103005,2
ENSG00000103043,2
ENSG00000103051,10
ENSG00000103089,18
ENSG00000103148,2
ENSG00000103150,8
ENSG00000103197,286
ENSG00000103227,4
ENSG00000103241,12
ENSG00000103249,68
ENSG00000103264,2
ENSG00000103266,6
ENSG00000103313,16
ENSG00000103335,28
ENSG00000103351,2
ENSG00000103356,12
ENSG00000103449,2
ENSG00000103489,2
ENSG00000103494,14
ENSG00000103507,2
ENSG00000103510,8
ENSG00000103591,2
ENSG00000103657,2
ENSG00000103707,12
ENSG00000103769,4
ENSG00000103876,50
ENSG00000103995,4
ENSG00000104044,58
ENSG00000104055,10
ENSG00000104133,16
ENSG00000104218,2
ENSG00000104237,18
ENSG00000104267,4
ENSG00000104313,20
ENSG00000104320,6
ENSG00000104331,2
ENSG00000104356,2
ENSG00000104365,2
ENSG00000104381,2
ENSG00000104413,2
ENSG00000104447,32
ENSG00000104626,4
ENSG00000104635,2
ENSG00000104687,2
ENSG00000104723,2
ENSG00000104763,66
ENSG00000104774,34
ENSG00000104783,8
ENSG00000104833,76
ENSG00000104835,2
ENSG00000104880,2
ENSG00000104884,28
ENSG00000104889,10
ENSG00000104899,8
ENSG00000104907,6
ENSG00000104953,2
ENSG00000104973,4
ENSG00000105048,2
ENSG00000105197,6
ENSG00000105204,2
ENSG00000105220,12
ENSG00000105221,2
ENSG00000105227,2
ENSG00000105325,2
ENSG00000105329,14
ENSG00000105357,8
ENSG00000105369,2
ENSG00000105372,12
ENSG00000105379,12
ENSG00000105392,26
ENSG00000105409,30
ENSG00000105429,2
ENSG00000105464,22
ENSG00000105479,2
ENSG00000105568,30
ENSG00000105576,10
ENSG00000105607,16
ENSG00000105610,4
ENSG00000105613,16
ENSG00000105618,12
ENSG00000105639,42
ENSG00000105641,8
ENSG00000105647,20
ENSG00000105664,24
ENSG00000105697,2
ENSG00000105711,6
ENSG00000105722,10
ENSG00000105755,10
ENSG00000105819,4
ENSG00000105877,48
ENSG00000105880,2
ENSG00000105929,10
ENSG00000105948,2
ENSG00000105976,12
ENSG00000105993,18
ENSG00000106003,2
ENSG00000106009,10
ENSG00000106012,2
ENSG00000106025,6
ENSG00000106028,2
ENSG00000106080,2
ENSG00000106105,38
ENSG00000106128,12
ENSG00000106153,2
ENSG00000106211,42
ENSG00000106290,2
ENSG00000106305,2
ENSG00000106327,8
ENSG00000106344,2
ENSG00000106348,6
ENSG00000106397,4
ENSG00000106410,2
ENSG00000106460,2
ENSG00000106462,44
ENSG00000106479,2
ENSG00000106483,4
ENSG00000106484,2
ENSG00000106541,2
ENSG00000106571,14
ENSG00000106617,38
ENSG00000106624,4
ENSG00000106633,20
ENSG00000106688,2
ENSG00000106692,12
ENSG00000106799,16
ENSG00000106976,74
ENSG00000106991,152
ENSG00000106992,4
ENSG00000107036,2
ENSG00000107099,4
ENSG00000107104,2
ENSG00000107147,120
ENSG00000107165,18
ENSG00000107201,6
ENSG00000107290,32
ENSG00000107371,10
ENSG00000107485,8
ENSG00000107521,14
ENSG00000107537,6
ENSG00000107566,2
ENSG00000107611,2
ENSG00000107736,116
ENSG00000107745,2
ENSG00000107779,42
ENSG00000107789,4
ENSG00000107796,6
ENSG00000107798,10
ENSG00000107815,8
ENSG00000107831,4
ENSG00000107862,2
ENSG00000107863,2
ENSG00000107951,4
ENSG00000108001,12
ENSG00000108055,12
ENSG00000108061,6
ENSG00000108064,2
ENSG00000108175,10
ENSG00000108176,2
ENSG00000108231,8
ENSG00000108312,4
ENSG00000108370,4
ENSG00000108381,12
ENSG00000108384,16
ENSG00000108395,2
ENSG00000108433,4
ENSG00000108439,2
ENSG00000108474,8
ENSG00000108479,6
ENSG00000108510,14
ENSG00000108518,2
ENSG00000108556,46
ENSG00000108557,8
ENSG00000108561,2
ENSG00000108641,8
ENSG00000108733,4
ENSG00000108784,102
ENSG00000108797,8
ENSG00000108821,198
ENSG00000108823,4
ENSG00000108883,28
ENSG00000108946,14
ENSG00000108950,4
ENSG00000108963,6
ENSG00000109063,52
ENSG00000109099,58
ENSG00000109101,2
ENSG00000109113,2
ENSG00000109132,10
ENSG00000109163,2
ENSG00000109320,8
ENSG00000109323,4
ENSG00000109458,2
ENSG00000109501,124
ENSG00000109572,6
ENSG00000109618,10
ENSG00000109654,2
ENSG00000109667,4
ENSG00000109670,8
ENSG00000109685,14
ENSG00000109738,2
ENSG00000109775,6
ENSG00000109814,2
ENSG00000109846,2
ENSG00000109861,16
ENSG00000109927,34
ENSG00000110060,10
ENSG00000110063,2
ENSG00000110066,16
ENSG00000110074,14
ENSG00000110090,32
ENSG00000110195,4
ENSG00000110274,4
ENSG00000110324,10
ENSG00000110367,4
ENSG00000110395,28
ENSG00000110435,4
ENSG00000110436,14
ENSG00000110514,2
ENSG00000110619,4
ENSG00000110693,14
ENSG00000110711,6
ENSG00000110719,12
ENSG00000110756,2
ENSG00000110799,54
ENSG00000110911,2
ENSG00000110921,2
ENSG00000110955,2
ENSG00000111012,46
ENSG00000111046,2
ENSG00000111199,44
ENSG00000111245,6
ENSG00000111249,2
ENSG00000111252,4
ENSG00000111262,8
ENSG00000111319,2
ENSG00000111424,8
ENSG00000111581,10
ENSG00000111642,54
ENSG00000111670,46
ENSG00000111676,4
ENSG00000111678,2
ENSG00000111713,12
ENSG00000111732,4
ENSG00000111799,16
ENSG00000111834,6
ENSG00000111837,14
ENSG00000111846,2
ENSG00000111860,10
ENSG00000111961,18
ENSG00000112039,2
ENSG00000112041,14
ENSG00000112077,4
ENSG00000112137,8
ENSG00000112234,2
ENSG00000112246,2
ENSG00000112276,4
ENSG00000112290,2
ENSG00000112294,20
ENSG00000112312,2
ENSG00000112319,2
ENSG00000112357,4
ENSG00000112365,2
ENSG00000112367,10
ENSG00000112414,2
ENSG00000112425,28
ENSG00000112473,4
ENSG00000112541,10
ENSG00000112619,10
ENSG00000112640,12
ENSG00000112706,2
ENSG00000112761,14
ENSG00000112769,2
ENSG00000112855,10
ENSG00000112936,2
ENSG00000112964,10
ENSG00000112972,2
ENSG00000112992,6
ENSG00000113013,2
ENSG00000113083,8
ENSG00000113161,2
ENSG00000113163,12
ENSG00000113231,2
ENSG00000113262,14
ENSG00000113272,2
ENSG00000113273,28
ENSG00000113312,2
ENSG00000113318,2
ENSG00000113327,40
ENSG00000113368,4
ENSG00000113389,4
ENSG00000113448,26
ENSG00000113494,2
ENSG00000113522,8
ENSG00000113555,4
ENSG00000113575,10
ENSG00000113580,2
ENSG00000113594,4
ENSG00000113643,14
ENSG00000113721,26
ENSG00000113845,2
ENSG00000113851,2
ENSG00000113924,18
ENSG00000113946,4
ENSG00000113966,4
ENSG00000113971,16
ENSG00000114054,12
ENSG00000114062,16
ENSG00000114200,6
ENSG00000114209,2
ENSG00000114251,8
ENSG00000114270,432
ENSG00000114279,8
ENSG00000114354,6
ENSG00000114388,6
ENSG00000114450,10
ENSG00000114480,24
ENSG00000114491,2
ENSG00000114554,4
ENSG00000114573,6
ENSG00000114686,2
ENSG00000114739,2
ENSG00000114796,4
ENSG00000114841,10
ENSG00000114853,2
ENSG00000114859,8
ENSG00000114861,46
ENSG00000114956,20
ENSG00000115085,8
ENSG00000115155,54
ENSG00000115170,8
ENSG00000115204,28
ENSG00000115211,8
ENSG00000115221,2
ENSG00000115255,2
ENSG00000115267,30
ENSG00000115275,6
ENSG00000115286,8
ENSG00000115306,20
ENSG00000115317,2
ENSG00000115339,14
ENSG00000115380,6
ENSG00000115392,12
ENSG00000115414,24
ENSG00000115415,8
ENSG00000115419,8
ENSG00000115423,2
ENSG00000115474,6
ENSG00000115486,10
ENSG00000115525,8
ENSG00000115648,4
ENSG00000115657,2
ENSG00000115665,2
ENSG00000115705,42
ENSG00000115718,8
ENSG00000115827,6
ENSG00000115840,4
ENSG00000115850,4
ENSG00000115866,4
ENSG00000115902,8
ENSG00000115904,98
ENSG00000115919,4
ENSG00000115947,6
ENSG00000116001,2
ENSG00000116014,6
ENSG00000116016,6
ENSG00000116039,14
ENSG00000116044,2
ENSG00000116062,102
ENSG00000116106,2
ENSG00000116120,12
ENSG00000116127,20
ENSG00000116133,6
ENSG00000116147,8
ENSG00000116218,8
ENSG00000116254,14
ENSG00000116266,2
ENSG00000116288,6
ENSG00000116337,10
ENSG00000116353,4
ENSG00000116539,6
ENSG00000116641,2
ENSG00000116678,4
ENSG00000116688,12
ENSG00000116701,8
ENSG00000116704,2
ENSG00000116745,12
ENSG00000116783,10
ENSG00000116852,2
ENSG00000116863,6
ENSG00000116874,12
ENSG00000116906,4
ENSG00000116962,2
ENSG00000116984,12
ENSG00000117013,22
ENSG00000117020,4
ENSG00000117054,12
ENSG00000117118,6
ENSG00000117298,2
ENSG00000117305,4
ENSG00000117308,2
ENSG00000117322,4
ENSG00000117335,10
ENSG00000117360,8
ENSG00000117385,6
ENSG00000117394,14
ENSG00000117400,14
ENSG00000117479,8
ENSG00000117593,16
ENSG00000117595,6
ENSG00000117601,14
ENSG00000117620,2
ENSG00000117650,4
ENSG00000117682,20
ENSG00000117713,44
ENSG00000118004,2
ENSG00000118007,22
ENSG00000118046,66
ENSG00000118058,88
ENSG00000118137,12
ENSG00000118162,2
ENSG00000118194,54
ENSG00000118197,2
ENSG00000118217,4
ENSG00000118231,10
ENSG00000118246,2
ENSG00000118263,2
ENSG00000118271,4
ENSG00000118402,6
ENSG00000118503,2
ENSG00000118520,8
ENSG00000118600,8
ENSG00000118655,2
ENSG00000118729,12
ENSG00000118762,22
ENSG00000118873,6
ENSG00000118900,2
ENSG00000118965,12
ENSG00000118971,6
ENSG00000118972,6
ENSG00000119041,2
ENSG00000119042,78
ENSG00000119121,6
ENSG00000119139,16
ENSG00000119333,6
ENSG00000119335,4
ENSG00000119392,6
ENSG00000119401,4
ENSG00000119509,2
ENSG00000119535,6
ENSG00000119537,2
ENSG00000119614,4
ENSG00000119638,8
ENSG00000119650,8
ENSG00000119655,18
ENSG00000119669,8
ENSG00000119681,2
ENSG00000119685,4
ENSG00000119688,4
ENSG00000119699,8
ENSG00000119715,2
ENSG00000119718,6
ENSG00000119723,4
ENSG00000119772,12
ENSG00000119866,20
ENSG00000119888,2
ENSG00000119899,2
ENSG00000119950,2
ENSG00000119977,10
ENSG00000120071,10
ENSG00000120149,6
ENSG00000120156,26
ENSG00000120251,12
ENSG00000120333,2
ENSG00000120370,2
ENSG00000120457,6
ENSG00000120498,2
ENSG00000120519,2
ENSG00000120686,2
ENSG00000120708,12
ENSG00000120729,10
ENSG00000120733,12
ENSG00000120784,2
ENSG00000120925,4
ENSG00000120942,4
ENSG00000120948,2
ENSG00000121067,4
ENSG00000121068,4
ENSG00000121075,16
ENSG00000121101,2
ENSG00000121207,6
ENSG00000121350,6
ENSG00000121361,2
ENSG00000121440,2
ENSG00000121454,2
ENSG00000121634,24
ENSG00000121680,6
ENSG00000121742,8
ENSG00000121743,14
ENSG00000121853,2
ENSG00000121879,12
ENSG00000121897,2
ENSG00000121940,2
ENSG00000122025,2
ENSG00000122126,44
ENSG00000122140,2
ENSG00000122145,4
ENSG00000122194,2
ENSG00000122218,14
ENSG00000122335,12
ENSG00000122359,6
ENSG00000122367,2
ENSG00000122406,4
ENSG00000122512,62
ENSG00000122550,2
ENSG00000122566,4
ENSG00000122591,2
ENSG00000122643,2
ENSG00000122691,4
ENSG00000122735,24
ENSG00000122779,2
ENSG00000122859,6
ENSG00000122863,14
ENSG00000122877,4
ENSG00000122966,4
ENSG00000122970,2
ENSG00000122971,16
ENSG00000123066,70
ENSG00000123191,46
ENSG00000123240,8
ENSG00000123297,6
ENSG00000123338,10
ENSG00000123473,4
ENSG00000123500,40
ENSG00000123560,8
ENSG00000123576,2
ENSG00000123607,8
ENSG00000123636,6
ENSG00000123700,4
ENSG00000123737,2
ENSG00000123810,6
ENSG00000123815,12
ENSG00000123908,2
ENSG00000124140,10
ENSG00000124151,2
ENSG00000124155,10
ENSG00000124164,2
ENSG00000124205,4
ENSG00000124212,2
ENSG00000124275,10
ENSG00000124299,14
ENSG00000124313,38
ENSG00000124356,8
ENSG00000124479,4
ENSG00000124486,48
ENSG00000124491,12
ENSG00000124570,2
ENSG00000124587,44
ENSG00000124608,30
ENSG00000124614,2
ENSG00000124615,6
ENSG00000124766,8
ENSG00000124813,8
ENSG00000124827,16
ENSG00000124920,18
ENSG00000125084,4
ENSG00000125107,8
ENSG00000125124,24
ENSG00000125166,6
ENSG00000125352,2
ENSG00000125356,2
ENSG00000125363,4
ENSG00000125378,2
ENSG00000125398,42
ENSG00000125414,4
ENSG00000125450,4
ENSG00000125454,6
ENSG00000125459,6
ENSG00000125618,10
ENSG00000125630,2
ENSG00000125656,6
ENSG00000125675,16
ENSG00000125676,8
ENSG00000125730,10
ENSG00000125741,4
ENSG00000125779,22
ENSG00000125798,2
ENSG00000125813,2
ENSG00000125826,4
ENSG00000125835,2
ENSG00000125845,2
ENSG00000125863,12
ENSG00000125864,2
ENSG00000125877,4
ENSG00000125952,6
ENSG00000125965,10
ENSG00000126012,62
ENSG00000126016,2
ENSG00000126088,4
ENSG00000126091,2
ENSG00000126218,6
ENSG00000126351,2
ENSG00000126464,2
ENSG00000126522,16
ENSG00000126524,2
ENSG00000126562,2
ENSG00000126583,10
ENSG00000126705,4
ENSG00000126759,2
ENSG00000126778,4
ENSG00000126870,2
ENSG00000126883,4
ENSG00000126895,58
ENSG00000126934,24
ENSG00000126945,4
ENSG00000126953,4
ENSG00000126970,14
ENSG00000127125,2
ENSG00000127152,8
ENSG00000127241,2
ENSG00000127415,30
ENSG00000127463,12
ENSG00000127507,2
ENSG00000127554,4
ENSG00000127603,12
ENSG00000127616,44
ENSG00000127663,4
ENSG00000127824,2
ENSG00000127838,6
ENSG00000127884,6
ENSG00000127948,14
ENSG00000127955,8
ENSG00000127980,34
ENSG00000127990,12
ENSG00000128011,2
ENSG00000128039,4
ENSG00000128052,2
ENSG00000128340,2
ENSG00000128422,12
ENSG00000128512,6
ENSG00000128513,12
ENSG00000128573,6
ENSG00000128591,34
ENSG00000128602,8
ENSG00000128656,2
ENSG00000128683,2
ENSG00000128714,6
ENSG00000128881,2
ENSG00000128917,24
ENSG00000128928,26
ENSG00000128973,42
ENSG00000129003,2
ENSG00000129083,2
ENSG00000129159,12
ENSG00000129170,4
ENSG00000129221,22
ENSG00000129250,16
ENSG00000129255,4
ENSG00000129295,6
ENSG00000129535,2
ENSG00000129667,4
ENSG00000129682,2
ENSG00000129691,2
ENSG00000129757,14
ENSG00000129810,2
ENSG00000129991,28
ENSG00000130005,20
ENSG00000130164,162
ENSG00000130203,4
ENSG00000130283,6
ENSG00000130294,216
ENSG00000130299,16
ENSG00000130347,8
ENSG00000130348,2
ENSG00000130385,8
ENSG00000130402,18
ENSG00000130414,6
ENSG00000130429,2
ENSG00000130449,4
ENSG00000130477,4
ENSG00000130508,4
ENSG00000130529,4
ENSG00000130561,2
ENSG00000130595,6
ENSG00000130635,60
ENSG00000130675,8
ENSG00000130702,12
ENSG00000130707,8
ENSG00000130711,6
ENSG00000130714,32
ENSG00000130816,24
ENSG00000130821,64
ENSG00000130826,30
ENSG00000130921,2
ENSG00000130940,2
ENSG00000130948,8
ENSG00000130985,2
ENSG00000131018,6
ENSG00000131061,2
ENSG00000131089,14
ENSG00000131095,50
ENSG00000131100,2
ENSG00000131183,8
ENSG00000131187,4
ENSG00000131238,24
ENSG00000131263,16
ENSG00000131269,12
ENSG00000131389,2
ENSG00000131398,10
ENSG00000131462,6
ENSG00000131482,40
ENSG00000131652,4
ENSG00000131653,20
ENSG00000131697,4
ENSG00000131779,2
ENSG00000131828,38
ENSG00000131844,6
ENSG00000131931,6
ENSG00000131943,4
ENSG00000131979,2
ENSG00000132031,8
ENSG00000132153,14
ENSG00000132155,40
ENSG00000132170,4
ENSG00000132376,8
ENSG00000132386,2
ENSG00000132394,2
ENSG00000132437,16
ENSG00000132466,22
ENSG00000132470,24
ENSG00000132471,2
ENSG00000132475,2
ENSG00000132507,2
ENSG00000132510,18
ENSG00000132517,2
ENSG00000132518,28
ENSG00000132535,8
ENSG00000132549,4
ENSG00000132600,10
ENSG00000132612,10
ENSG00000132639,16
ENSG00000132740,54
ENSG00000132763,12
ENSG00000132773,6
ENSG00000132781,56
ENSG00000132837,2
ENSG00000132842,2
ENSG00000132915,14
ENSG00000132932,6
ENSG00000132964,2
ENSG00000133020,2
ENSG00000133026,6
ENSG00000133028,4
ENSG00000133059,2
ENSG00000133103,2
ENSG00000133105,2
ENSG00000133138,4
ENSG00000133256,24
ENSG00000133392,6
ENSG00000133422,26
ENSG00000133424,4
ENSG00000133454,2
ENSG00000133657,4
ENSG00000133703,4
ENSG00000133704,4
ENSG00000133706,10
ENSG00000133805,2
ENSG00000133812,2
ENSG00000133818,2
ENSG00000133835,38
ENSG00000133863,2
ENSG00000133884,22
ENSG00000133895,26
ENSG00000134086,154
ENSG00000134138,12
ENSG00000134160,16
ENSG00000134183,4
ENSG00000134200,2
ENSG00000134240,2
ENSG00000134250,10
ENSG00000134259,2
ENSG00000134262,2
ENSG00000134323,16
ENSG00000134324,2
ENSG00000134333,2
ENSG00000134343,12
ENSG00000134371,2
ENSG00000134376,34
ENSG00000134440,12
ENSG00000134504,6
ENSG00000134516,2
ENSG00000134532,24
ENSG00000134569,6
ENSG00000134571,56
ENSG00000134574,2
ENSG00000134644,12
ENSG00000134668,2
ENSG00000134684,14
ENSG00000134755,2
ENSG00000134759,4
ENSG00000134775,2
ENSG00000134812,2
ENSG00000134815,2
ENSG00000134853,2
ENSG00000134871,40
ENSG00000134899,8
ENSG00000134982,36
ENSG00000135048,2
ENSG00000135049,6
ENSG00000135069,4
ENSG00000135100,72
ENSG00000135111,8
ENSG00000135218,2
ENSG00000135297,16
ENSG00000135338,8
ENSG00000135341,20
ENSG00000135407,2
ENSG00000135409,12
ENSG00000135437,12
ENSG00000135446,4
ENSG00000135454,8
ENSG00000135486,4
ENSG00000135517,6
ENSG00000135541,46
ENSG00000135597,2
ENSG00000135604,2
ENSG00000135636,144
ENSG00000135677,2
ENSG00000135744,2
ENSG00000135766,2
ENSG00000135821,4
ENSG00000135828,4
ENSG00000135845,4
ENSG00000135900,4
ENSG00000135902,10
ENSG00000135903,16
ENSG00000135917,18
ENSG00000135924,4
ENSG00000135925,20
ENSG00000135929,20
ENSG00000135931,4
ENSG00000135956,8
ENSG00000135960,18
ENSG00000136003,2
ENSG00000136051,2
ENSG00000136068,64
ENSG00000136104,16
ENSG00000136114,2
ENSG00000136143,16
ENSG00000136144,4
ENSG00000136156,2
ENSG00000136160,6
ENSG00000136238,2
ENSG00000136280,4
ENSG00000136352,14
ENSG00000136425,4
ENSG00000136463,2
ENSG00000136492,12
ENSG00000136531,66
ENSG00000136535,26
ENSG00000136574,16
ENSG00000136628,6
ENSG00000136631,6
ENSG00000136695,2
ENSG00000136699,2
ENSG00000136710,2
ENSG00000136717,4
ENSG00000136827,4
ENSG00000136854,106
ENSG00000136868,2
ENSG00000136872,12
ENSG00000136875,2
ENSG00000136883,2
ENSG00000136897,2
ENSG00000136908,2
ENSG00000136928,18
ENSG00000136931,8
ENSG00000136936,6
ENSG00000136944,16
ENSG00000136997,2
ENSG00000137055,2
ENSG00000137070,10
ENSG00000137074,8
ENSG00000137090,8
ENSG00000137106,16
ENSG00000137124,2
ENSG00000137166,2
ENSG00000137203,10
ENSG00000137265,4
ENSG00000137267,18
ENSG00000137285,4
ENSG00000137411,4
ENSG00000137474,84
ENSG00000137513,10
ENSG00000137601,8
ENSG00000137672,16
ENSG00000137674,2
ENSG00000137691,2
ENSG00000137693,2
ENSG00000137700,20
ENSG00000137707,2
ENSG00000137731,2
ENSG00000137745,10
ENSG00000137806,4
ENSG00000137807,2
ENSG00000137812,6
ENSG00000137834,6
ENSG00000137868,12
ENSG00000137869,10
ENSG00000137992,24
ENSG00000138002,12
ENSG00000138029,4
ENSG00000138035,14
ENSG00000138036,6
ENSG00000138039,16
ENSG00000138061,18
ENSG00000138074,2
ENSG00000138075,6
ENSG00000138078,2
ENSG00000138079,8
ENSG00000138081,90
ENSG00000138083,8
ENSG00000138095,12
ENSG00000138119,2
ENSG00000138160,12
ENSG00000138175,2
ENSG00000138193,4
ENSG00000138231,2
ENSG00000138326,6
ENSG00000138346,6
ENSG00000138363,2
ENSG00000138375,26
ENSG00000138376,2
ENSG00000138411,58
ENSG00000138413,10
ENSG00000138435,10
ENSG00000138448,4
ENSG00000138449,26
ENSG00000138622,24
ENSG00000138669,2
ENSG00000138686,2
ENSG00000138688,8
ENSG00000138696,8
ENSG00000138738,2
ENSG00000138759,4
ENSG00000138777,12
ENSG00000138778,4
ENSG00000138796,8
ENSG00000138814,10
ENSG00000138821,10
ENSG00000138823,4
ENSG00000138829,122
ENSG00000138834,12
ENSG00000139083,8
ENSG00000139116,10
ENSG00000139131,6
ENSG00000139132,2
ENSG00000139151,2
ENSG00000139174,2
ENSG00000139180,2
ENSG00000139193,2
ENSG00000139197,6
ENSG00000139219,236
ENSG00000139304,4
ENSG00000139323,4
ENSG00000139324,4
ENSG00000139330,2
ENSG00000139428,14
ENSG00000139515,2
ENSG00000139531,12
ENSG00000139549,4
ENSG00000139567,30
ENSG00000139613,12
ENSG00000139618,174
ENSG00000139679,14
ENSG00000139687,68
ENSG00000139718,26
ENSG00000139988,4
ENSG00000140015,8
ENSG00000140105,2
ENSG00000140157,2
ENSG00000140199,10
ENSG00000140262,8
ENSG00000140274,4
ENSG00000140279,16
ENSG00000140326,16
ENSG00000140368,6
ENSG00000140374,6
ENSG00000140400,2
ENSG00000140416,34
ENSG00000140443,26
ENSG00000140459,18
ENSG00000140463,10
ENSG00000140470,2
ENSG00000140521,38
ENSG00000140522,6
ENSG00000140525,4
ENSG00000140598,2
ENSG00000140650,14
ENSG00000140675,8
ENSG00000140691,2
ENSG00000140694,2
ENSG00000140740,4
ENSG00000140829,4
ENSG00000140854,2
ENSG00000140905,2
ENSG00000140937,2
ENSG00000140943,2
ENSG00000140986,2
ENSG00000141012,22
ENSG00000141161,4
ENSG00000141252,2
ENSG00000141337,4
ENSG00000141349,14
ENSG00000141367,4
ENSG00000141376,2
ENSG00000141378,2
ENSG00000141385,14
ENSG00000141404,4
ENSG00000141431,2
ENSG00000141448,8
ENSG00000141449,20
ENSG00000141458,32
ENSG00000141485,2
ENSG00000141499,6
ENSG00000141510,280
ENSG00000141519,4
ENSG00000141527,8
ENSG00000141556,20
ENSG00000141627,2
ENSG00000141646,40
ENSG00000141655,8
ENSG00000141736,2
ENSG00000141753,2
ENSG00000141756,4
ENSG00000141837,236
ENSG00000141867,4
ENSG00000141956,2
ENSG00000142002,2
ENSG00000142156,106
ENSG00000142173,122
ENSG00000142186,2
ENSG00000142192,34
ENSG00000142208,4
ENSG00000142303,12
ENSG00000142319,4
ENSG00000142405,2
ENSG00000142513,4
ENSG00000142599,32
ENSG00000142615,2
ENSG00000142619,8
ENSG00000142627,4
ENSG00000142798,12
ENSG00000143126,2
ENSG00000143164,2
ENSG00000143178,4
ENSG00000143183,4
ENSG00000143196,2
ENSG00000143224,6
ENSG00000143228,2
ENSG00000143252,26
ENSG00000143315,2
ENSG00000143318,8
ENSG00000143324,4
ENSG00000143337,2
ENSG00000143363,12
ENSG00000143368,4
ENSG00000143369,4
ENSG00000143374,2
ENSG00000143376,2
ENSG00000143382,4
ENSG00000143387,30
ENSG00000143390,2
ENSG00000143416,4
ENSG00000143442,20
ENSG00000143473,40
ENSG00000143549,4
ENSG00000143603,4
ENSG00000143614,8
ENSG00000143622,4
ENSG00000143641,6
ENSG00000143669,6
ENSG00000143753,12
ENSG00000143801,4
ENSG00000143811,2
ENSG00000143815,10
ENSG00000143839,4
ENSG00000143921,10
ENSG00000143933,2
ENSG00000143970,4
ENSG00000144028,20
ENSG00000144034,2
ENSG00000144061,4
ENSG00000144182,4
ENSG00000144191,28
ENSG00000144218,8
ENSG00000144285,134
ENSG00000144354,4
ENSG00000144381,4
ENSG00000144406,8
ENSG00000144452,42
ENSG00000144455,16
ENSG00000144535,2
ENSG00000144554,14
ENSG00000144647,4
ENSG00000144659,6
ENSG00000144711,2
ENSG00000144730,2
ENSG00000144736,4
ENSG00000144891,2
ENSG00000145020,8
ENSG00000145103,4
ENSG00000145191,16
ENSG00000145331,2
ENSG00000145335,10
ENSG00000145348,8
ENSG00000145349,2
ENSG00000145362,2
ENSG00000145375,14
ENSG00000145390,6
ENSG00000145476,12
ENSG00000145494,8
ENSG00000145623,2
ENSG00000145675,16
ENSG00000145794,8
ENSG00000145864,82
ENSG00000145868,2
ENSG00000145888,26
ENSG00000145912,2
ENSG00000145982,18
ENSG00000146038,2
ENSG00000146085,16
ENSG00000146122,2
ENSG00000146197,6
ENSG00000146216,2
ENSG00000146247,44
ENSG00000146282,26
ENSG00000146453,6
ENSG00000146648,12
ENSG00000146701,4
ENSG00000146830,2
ENSG00000146872,8
ENSG00000146938,4
ENSG00000146950,2
ENSG00000147044,42
ENSG00000147050,32
ENSG00000147065,4
ENSG00000147099,52
ENSG00000147100,46
ENSG00000147123,4
ENSG00000147130,2
ENSG00000147133,48
ENSG00000147155,20
ENSG00000147162,4
ENSG00000147168,62
ENSG00000147180,2
ENSG00000147224,12
ENSG00000147251,4
ENSG00000147257,4
ENSG00000147316,10
ENSG00000147383,8
ENSG00000147403,8
ENSG00000147408,4
ENSG00000147416,12
ENSG00000147437,4
ENSG00000147465,6
ENSG00000147471,6
ENSG00000147475,2
ENSG00000147588,6
ENSG00000147647,8
ENSG00000147804,10
ENSG00000147852,6
ENSG00000147862,12
ENSG00000147889,78
ENSG00000147955,10
ENSG00000148019,4
ENSG00000148053,8
ENSG00000148090,6
ENSG00000148143,4
ENSG00000148180,6
ENSG00000148204,10
ENSG00000148218,2
ENSG00000148290,4
ENSG00000148356,6
ENSG00000148384,12
ENSG00000148400,34
ENSG00000148516,2
ENSG00000148600,8
ENSG00000148606,14
ENSG00000148655,2
ENSG00000148660,4
ENSG00000148672,14
ENSG00000148700,2
ENSG00000148795,8
ENSG00000148826,4
ENSG00000148842,16
ENSG00000148985,16
ENSG00000149016,2
ENSG00000149131,50
ENSG00000149196,2
ENSG00000149260,6
ENSG00000149269,4
ENSG00000149311,146
ENSG00000149476,4
ENSG00000149483,4
ENSG00000149506,2
ENSG00000149541,6
ENSG00000149571,4
ENSG00000149573,2
ENSG00000149596,2
ENSG00000149823,2
ENSG00000149922,6
ENSG00000149925,4
ENSG00000149926,2
ENSG00000149970,4
ENSG00000150275,10
ENSG00000150433,2
ENSG00000150540,2
ENSG00000150753,2
ENSG00000150768,2
ENSG00000150787,8
ENSG00000150893,6
ENSG00000150961,4
ENSG00000150990,14
ENSG00000150995,36
ENSG00000151067,72
ENSG00000151079,2
ENSG00000151090,10
ENSG00000151092,12
ENSG00000151148,6
ENSG00000151150,2
ENSG00000151348,26
ENSG00000151413,4
ENSG00000151474,2
ENSG00000151498,10
ENSG00000151552,16
ENSG00000151572,2
ENSG00000151611,2
ENSG00000151623,8
ENSG00000151702,2
ENSG00000151704,8
ENSG00000151729,6
ENSG00000151779,16
ENSG00000151834,20
ENSG00000151835,74
ENSG00000151849,4
ENSG00000151914,2
ENSG00000151929,12
ENSG00000152092,2
ENSG00000152137,10
ENSG00000152208,8
ENSG00000152217,26
ENSG00000152219,2
ENSG00000152223,6
ENSG00000152234,6
ENSG00000152266,2
ENSG00000152422,2
ENSG00000152457,26
ENSG00000152495,2
ENSG00000152556,10
ENSG00000152578,10
ENSG00000152591,10
ENSG00000152592,2
ENSG00000152661,2
ENSG00000152669,4
ENSG00000152779,2
ENSG00000152795,2
ENSG00000152952,6
ENSG00000152969,2
ENSG00000152977,6
ENSG00000153147,4
ENSG00000153162,2
ENSG00000153187,18
ENSG00000153201,2
ENSG00000153208,26
ENSG00000153214,2
ENSG00000153234,10
ENSG00000153253,44
ENSG00000153563,2
ENSG00000153574,4
ENSG00000153822,2
ENSG00000153827,14
ENSG00000153902,6
ENSG00000153922,4
ENSG00000153933,4
ENSG00000153989,8
ENSG00000153993,2
ENSG00000154016,2
ENSG00000154099,2
ENSG00000154122,2
ENSG00000154133,12
ENSG00000154134,32
ENSG00000154227,6
ENSG00000154252,2
ENSG00000154277,2
ENSG00000154485,4
ENSG00000154518,2
ENSG00000154734,2
ENSG00000154743,4
ENSG00000154764,2
ENSG00000154767,12
ENSG00000154803,18
ENSG00000154864,26
ENSG00000155016,14
ENSG00000155111,4
ENSG00000155393,2
ENSG00000155465,6
ENSG00000155511,8
ENSG00000155561,2
ENSG00000155657,50
ENSG00000155719,6
ENSG00000155755,2
ENSG00000155761,2
ENSG00000155816,2
ENSG00000155850,12
ENSG00000155906,8
ENSG00000155966,4
ENSG00000155974,2
ENSG00000155980,66
ENSG00000156049,2
ENSG00000156052,2
ENSG00000156110,4
ENSG00000156113,22
ENSG00000156170,8
ENSG00000156171,2
ENSG00000156172,2
ENSG00000156313,68
ENSG00000156466,2
ENSG00000156467,2
ENSG00000156471,6
ENSG00000156510,4
ENSG00000156515,26
ENSG00000156531,4
ENSG00000156574,4
ENSG00000156650,14
ENSG00000156709,38
ENSG00000156873,6
ENSG00000156885,2
ENSG00000156925,8
ENSG00000156970,2
ENSG00000156983,14
ENSG00000156990,4
ENSG00000157087,6
ENSG00000157103,126
ENSG00000157119,10
ENSG00000157184,46
ENSG00000157388,18
ENSG00000157399,22
ENSG00000157404,12
ENSG00000157423,2
ENSG00000157483,2
ENSG00000157540,60
ENSG00000157542,2
ENSG00000157764,26
ENSG00000157765,2
ENSG00000157766,10
ENSG00000157796,20
ENSG00000157856,2
ENSG00000157911,12
ENSG00000157933,42
ENSG00000157978,2
ENSG00000158055,4
ENSG00000158158,4
ENSG00000158169,10
ENSG00000158290,10
ENSG00000158292,2
ENSG00000158301,2
ENSG00000158321,14
ENSG00000158445,146
ENSG00000158486,6
ENSG00000158517,4
ENSG00000158526,2
ENSG00000158578,32
ENSG00000158615,2
ENSG00000158683,2
ENSG00000158813,44
ENSG00000158828,10
ENSG00000158864,8
ENSG00000158887,2
ENSG00000159023,2
ENSG00000159063,10
ENSG00000159082,4
ENSG00000159128,2
ENSG00000159140,4
ENSG00000159147,10
ENSG00000159189,2
ENSG00000159216,56
ENSG00000159261,6
ENSG00000159267,28
ENSG00000159346,2
ENSG00000159363,4
ENSG00000159403,22
ENSG00000159459,8
ENSG00000159640,8
ENSG00000159692,2
ENSG00000159753,8
ENSG00000159899,10
ENSG00000159921,2
ENSG00000160007,2
ENSG00000160131,2
ENSG00000160183,20
ENSG00000160188,6
ENSG00000160193,6
ENSG00000160200,8
ENSG00000160207,2
ENSG00000160209,4
ENSG00000160211,18
ENSG00000160213,2
ENSG00000160223,2
ENSG00000160224,34
ENSG00000160226,8
ENSG00000160255,20
ENSG00000160285,20
ENSG00000160323,44
ENSG00000160460,2
ENSG00000160551,12
ENSG00000160584,2
ENSG00000160688,4
ENSG00000160695,2
ENSG00000160710,16
ENSG00000160716,8
ENSG00000160746,10
ENSG00000160789,14
ENSG00000160796,12
ENSG00000160801,8
ENSG00000160808,2
ENSG00000160868,2
ENSG00000160877,8
ENSG00000160882,26
ENSG00000160949,2
ENSG00000160957,12
ENSG00000160973,12
ENSG00000161011,8
ENSG00000161203,2
ENSG00000161217,14
ENSG00000161270,98
ENSG00000161328,2
ENSG00000161395,12
ENSG00000161513,20
ENSG00000161533,10
ENSG00000161653,4
ENSG00000161681,2
ENSG00000161798,4
ENSG00000161904,4
ENSG00000162063,2
ENSG00000162065,8
ENSG00000162129,8
ENSG00000162337,44
ENSG00000162377,2
ENSG00000162399,8
ENSG00000162426,2
ENSG00000162430,24
ENSG00000162434,6
ENSG00000162438,4
ENSG00000162551,22
ENSG00000162576,2
ENSG00000162599,12
ENSG00000162614,2
ENSG00000162669,2
ENSG00000162676,2
ENSG00000162687,12
ENSG00000162688,26
ENSG00000162711,20
ENSG00000162733,4
ENSG00000162761,2
ENSG00000162769,8
ENSG00000162836,2
ENSG00000162882,6
ENSG00000162885,2
ENSG00000162923,14
ENSG00000162928,2
ENSG00000162992,2
ENSG00000163050,26
ENSG00000163093,2
ENSG00000163104,2
ENSG00000163132,2
ENSG00000163161,2
ENSG00000163170,4
ENSG00000163254,4
ENSG00000163288,6
ENSG00000163297,10
ENSG00000163359,60
ENSG00000163378,2
ENSG00000163380,4
ENSG00000163382,4
ENSG00000163389,2
ENSG00000163399,22
ENSG00000163421,4
ENSG00000163491,2
ENSG00000163501,6
ENSG00000163513,20
ENSG00000163530,2
ENSG00000163536,6
ENSG00000163541,4
ENSG00000163554,22
ENSG00000163581,12
ENSG00000163599,8
ENSG00000163608,2
ENSG00000163625,14
ENSG00000163637,2
ENSG00000163646,30
ENSG00000163687,2
ENSG00000163754,2
ENSG00000163755,4
ENSG00000163818,2
ENSG00000163848,6
ENSG00000163898,4
ENSG00000163913,14
ENSG00000163914,16
ENSG00000163930,24
ENSG00000163933,12
ENSG00000164007,12
ENSG00000164066,2
ENSG00000164073,26
ENSG00000164087,8
ENSG00000164093,20
ENSG00000164120,6
ENSG00000164134,10
ENSG00000164169,4
ENSG00000164172,10
ENSG00000164175,44
ENSG00000164182,2
ENSG00000164187,8
ENSG00000164190,140
ENSG00000164199,26
ENSG00000164209,6
ENSG00000164256,4
ENSG00000164344,4
ENSG00000164362,58
ENSG00000164404,2
ENSG00000164418,6
ENSG00000164442,2
ENSG00000164494,4
ENSG00000164588,52
ENSG00000164597,4
ENSG00000164619,2
ENSG00000164690,14
ENSG00000164692,32
ENSG00000164736,6
ENSG00000164751,4
ENSG00000164754,12
ENSG00000164761,4
ENSG00000164818,4
ENSG00000164867,4
ENSG00000164904,14
ENSG00000164946,6
ENSG00000164953,12
ENSG00000164961,12
ENSG00000164976,4
ENSG00000165006,2
ENSG00000165025,4
ENSG00000165029,14
ENSG00000165060,8
ENSG00000165091,12
ENSG00000165102,28
ENSG00000165119,10
ENSG00000165125,14
ENSG00000165138,6
ENSG00000165140,12
ENSG00000165168,70
ENSG00000165186,6
ENSG00000165194,40
ENSG00000165195,32
ENSG00000165240,72
ENSG00000165280,16
ENSG00000165282,10
ENSG00000165288,2
ENSG00000165300,2
ENSG00000165392,8
ENSG00000165409,22
ENSG00000165474,20
ENSG00000165478,10
ENSG00000165525,4
ENSG00000165588,2
ENSG00000165646,4
ENSG00000165671,266
ENSG00000165688,2
ENSG00000165694,24
ENSG00000165699,46
ENSG00000165702,8
ENSG00000165704,2
ENSG00000165731,124
ENSG00000165898,2
ENSG00000165899,2
ENSG00000165917,24
ENSG00000165970,16
ENSG00000166006,4
ENSG00000166033,12
ENSG00000166068,10
ENSG00000166086,8
ENSG00000166123,2
ENSG00000166126,2
ENSG00000166147,116
ENSG00000166189,6
ENSG00000166206,50
ENSG00000166224,6
ENSG00000166228,2
ENSG00000166311,22
ENSG00000166340,30
ENSG00000166341,2
ENSG00000166347,2
ENSG00000166349,38
ENSG00000166411,2
ENSG00000166415,2
ENSG00000166508,4
ENSG00000166548,24
ENSG00000166558,6
ENSG00000166603,6
ENSG00000166747,2
ENSG00000166794,4
ENSG00000166801,8
ENSG00000166813,2
ENSG00000166816,4
ENSG00000166855,2
ENSG00000166863,2
ENSG00000166947,8
ENSG00000166948,2
ENSG00000166949,4
ENSG00000166974,4
ENSG00000166986,2
ENSG00000167113,18
ENSG00000167114,18
ENSG00000167131,2
ENSG00000167186,4
ENSG00000167207,22
ENSG00000167210,10
ENSG00000167244,4
ENSG00000167306,12
ENSG00000167323,26
ENSG00000167371,32
ENSG00000167434,4
ENSG00000167508,2
ENSG00000167513,4
ENSG00000167515,2
ENSG00000167522,50
ENSG00000167526,2
ENSG00000167548,134
ENSG00000167552,56
ENSG00000167580,12
ENSG00000167625,2
ENSG00000167632,2
ENSG00000167634,10
ENSG00000167642,8
ENSG00000167646,8
ENSG00000167658,2
ENSG00000167680,6
ENSG00000167716,8
ENSG00000167723,14
ENSG00000167768,26
ENSG00000167792,16
ENSG00000167941,2
ENSG00000167972,36
ENSG00000167985,2
ENSG00000167986,4
ENSG00000167995,46
ENSG00000168000,12
ENSG00000168014,4
ENSG00000168028,4
ENSG00000168036,18
ENSG00000168056,4
ENSG00000168137,32
ENSG00000168214,4
ENSG00000168263,22
ENSG00000168267,2
ENSG00000168269,2
ENSG00000168280,10
ENSG00000168288,2
ENSG00000168291,10
ENSG00000168303,2
ENSG00000168356,14
ENSG00000168389,2
ENSG00000168404,2
ENSG00000168434,8
ENSG00000168447,12
ENSG00000168453,4
ENSG00000168477,4
ENSG00000168481,4
ENSG00000168484,14
ENSG00000168487,14
ENSG00000168509,22
ENSG00000168530,2
ENSG00000168538,4
ENSG00000168542,34
ENSG00000168575,20
ENSG00000168610,72
ENSG00000168676,2
ENSG00000168685,18
ENSG00000168724,2
ENSG00000168769,2
ENSG00000168778,8
ENSG00000168827,32
ENSG00000168878,8
ENSG00000168924,2
ENSG00000168944,6
ENSG00000169021,2
ENSG00000169031,120
ENSG00000169032,46
ENSG00000169057,260
ENSG00000169071,12
ENSG00000169083,68
ENSG00000169105,6
ENSG00000169126,2
ENSG00000169169,4
ENSG00000169174,18
ENSG00000169184,2
ENSG00000169247,22
ENSG00000169297,22
ENSG00000169306,2
ENSG00000169313,6
ENSG00000169344,26
ENSG00000169372,6
ENSG00000169375,16
ENSG00000169379,10
ENSG00000169427,4
ENSG00000169432,40
ENSG00000169515,2
ENSG00000169554,50
ENSG00000169562,8
ENSG00000169567,2
ENSG00000169594,2
ENSG00000169599,6
ENSG00000169604,4
ENSG00000169607,2
ENSG00000169692,6
ENSG00000169704,4
ENSG00000169750,2
ENSG00000169764,2
ENSG00000169783,2
ENSG00000169814,16
ENSG00000169836,4
ENSG00000169855,2
ENSG00000169862,4
ENSG00000169884,4
ENSG00000169919,6
ENSG00000169933,2
ENSG00000169946,2
ENSG00000170004,78
ENSG00000170027,6
ENSG00000170113,4
ENSG00000170175,6
ENSG00000170262,4
ENSG00000170266,46
ENSG00000170275,6
ENSG00000170289,18
ENSG00000170426,6
ENSG00000170442,2
ENSG00000170445,6
ENSG00000170456,2
ENSG00000170465,2
ENSG00000170471,2
ENSG00000170485,2
ENSG00000170523,2
ENSG00000170558,6
ENSG00000170577,2
ENSG00000170581,2
ENSG00000170615,2
ENSG00000170624,2
ENSG00000170734,2
ENSG00000170759,4
ENSG00000170820,8
ENSG00000170836,2
ENSG00000170876,2
ENSG00000170927,118
ENSG00000171094,10
ENSG00000171100,48
ENSG00000171105,16
ENSG00000171132,2
ENSG00000171135,2
ENSG00000171155,4
ENSG00000171204,2
ENSG00000171246,4
ENSG00000171298,34
ENSG00000171302,16
ENSG00000171303,4
ENSG00000171316,114
ENSG00000171320,4
ENSG00000171365,20
ENSG00000171385,8
ENSG00000171403,16
ENSG00000171453,14
ENSG00000171456,2
ENSG00000171503,12
ENSG00000171532,6
ENSG00000171551,20
ENSG00000171557,8
ENSG00000171560,14
ENSG00000171564,4
ENSG00000171587,2
ENSG00000171595,6
ENSG00000171608,16
ENSG00000171634,10
ENSG00000171680,2
ENSG00000171714,20
ENSG00000171720,2
ENSG00000171723,4
ENSG00000171735,16
ENSG00000171759,2
ENSG00000171763,8
ENSG00000171766,12
ENSG00000171853,2
ENSG00000171862,40
ENSG00000171865,2
ENSG00000171867,12
ENSG00000171877,2
ENSG00000171954,20
ENSG00000171988,2
ENSG00000172007,2
ENSG00000172037,6
ENSG00000172053,12
ENSG00000172071,4
ENSG00000172269,4
ENSG00000172296,2
ENSG00000172315,2
ENSG00000172331,2
ENSG00000172354,2
ENSG00000172399,2
ENSG00000172409,2
ENSG00000172426,6
ENSG00000172465,2
ENSG00000172482,20
ENSG00000172534,10
ENSG00000172548,8
ENSG00000172572,8
ENSG00000172638,10
ENSG00000172817,8
ENSG00000172867,8
ENSG00000172890,10
ENSG00000172893,142
ENSG00000172915,12
ENSG00000172922,6
ENSG00000172943,2
ENSG00000173039,2
ENSG00000173040,2
ENSG00000173085,10
ENSG00000173175,38
ENSG00000173372,4
ENSG00000173406,2
ENSG00000173409,4
ENSG00000173540,20
ENSG00000173575,114
ENSG00000173588,4
ENSG00000173599,28
ENSG00000173614,4
ENSG00000173757,2
ENSG00000173809,2
ENSG00000173821,24
ENSG00000173898,38
ENSG00000173976,2
ENSG00000173991,2
ENSG00000174010,2
ENSG00000174080,4
ENSG00000174099,2
ENSG00000174106,4
ENSG00000174227,2
ENSG00000174231,4
ENSG00000174243,4
ENSG00000174358,12
ENSG00000174373,2
ENSG00000174405,26
ENSG00000174417,2
ENSG00000174437,16
ENSG00000174483,34
ENSG00000174485,2
ENSG00000174640,16
ENSG00000174672,4
ENSG00000174684,4
ENSG00000174697,2
ENSG00000174705,2
ENSG00000174720,2
ENSG00000174748,2
ENSG00000174775,18
ENSG00000174804,20
ENSG00000174990,2
ENSG00000175054,2
ENSG00000175084,4
ENSG00000175097,18
ENSG00000175110,2
ENSG00000175115,6
ENSG00000175198,16
ENSG00000175213,6
ENSG00000175283,8
ENSG00000175325,12
ENSG00000175356,2
ENSG00000175387,4
ENSG00000175390,2
ENSG00000175426,8
ENSG00000175445,10
ENSG00000175536,6
ENSG00000175544,4
ENSG00000175595,10
ENSG00000175606,6
ENSG00000175707,2
ENSG00000175745,16
ENSG00000175894,6
ENSG00000175920,18
ENSG00000176014,2
ENSG00000176022,6
ENSG00000176165,146
ENSG00000176225,8
ENSG00000176387,8
ENSG00000176410,2
ENSG00000176619,2
ENSG00000176692,4
ENSG00000176697,2
ENSG00000176715,12
ENSG00000176884,74
ENSG00000176887,40
ENSG00000176915,4
ENSG00000177000,40
ENSG00000177030,34
ENSG00000177082,8
ENSG00000177084,12
ENSG00000177156,6
ENSG00000177189,20
ENSG00000177192,4
ENSG00000177239,10
ENSG00000177301,30
ENSG00000177380,2
ENSG00000177409,16
ENSG00000177426,4
ENSG00000177455,2
ENSG00000177542,4
ENSG00000177565,2
ENSG00000177628,6
ENSG00000177646,46
ENSG00000177663,2
ENSG00000177666,10
ENSG00000177706,10
ENSG00000177731,2
ENSG00000177807,2
ENSG00000177917,2
ENSG00000178104,6
ENSG00000178127,4
ENSG00000178209,2
ENSG00000178445,52
ENSG00000178467,2
ENSG00000178537,4
ENSG00000178568,2
ENSG00000178573,14
ENSG00000178691,6
ENSG00000178802,22
ENSG00000178814,4
ENSG00000178951,2
ENSG00000178952,2
ENSG00000178971,20
ENSG00000179029,2
ENSG00000179091,2
ENSG00000179115,6
ENSG00000179142,22
ENSG00000179148,12
ENSG00000179163,14
ENSG00000179242,2
ENSG00000179270,2
ENSG00000179295,18
ENSG00000179348,86
ENSG00000179364,4
ENSG00000179403,2
ENSG00000179409,2
ENSG00000179455,2
ENSG00000179456,42
ENSG00000179477,12
ENSG00000179520,4
ENSG00000179532,4
ENSG00000179774,2
ENSG00000179855,2
ENSG00000179941,10
ENSG00000179950,12
ENSG00000180053,2
ENSG00000180176,14
ENSG00000180210,14
ENSG00000180228,4
ENSG00000180316,26
ENSG00000180340,6
ENSG00000180398,2
ENSG00000180509,6
ENSG00000180644,8
ENSG00000180660,2
ENSG00000180871,2
ENSG00000180902,4
ENSG00000181004,16
ENSG00000181019,2
ENSG00000181027,4
ENSG00000181035,2
ENSG00000181090,26
ENSG00000181192,6
ENSG00000181222,14
ENSG00000181449,18
ENSG00000181523,112
ENSG00000181541,6
ENSG00000181544,2
ENSG00000181555,14
ENSG00000181585,2
ENSG00000181722,46
ENSG00000181827,4
ENSG00000181830,4
ENSG00000181873,6
ENSG00000182040,2
ENSG00000182054,4
ENSG00000182173,14
ENSG00000182197,24
ENSG00000182199,6
ENSG00000182220,2
ENSG00000182326,2
ENSG00000182372,36
ENSG00000182389,2
ENSG00000182450,8
ENSG00000182492,6
ENSG00000182504,2
ENSG00000182533,4
ENSG00000182568,10
ENSG00000182578,60
ENSG00000182621,2
ENSG00000182759,4
ENSG00000182771,2
ENSG00000182774,2
ENSG00000182858,8
ENSG00000182871,2
ENSG00000182872,6
ENSG00000182899,2
ENSG00000183010,18
ENSG00000183044,16
ENSG00000183072,14
ENSG00000183091,12
ENSG00000183098,2
ENSG00000183117,2
ENSG00000183161,8
ENSG00000183196,4
ENSG00000183258,2
ENSG00000183287,6
ENSG00000183337,2
ENSG00000183421,2
ENSG00000183454,176
ENSG00000183579,10
ENSG00000183597,4
ENSG00000183638,6
ENSG00000183691,8
ENSG00000183735,4
ENSG00000183765,14
ENSG00000183770,6
ENSG00000183873,58
ENSG00000183918,8
ENSG00000183960,2
ENSG00000184009,4
ENSG00000184014,2
ENSG00000184047,2
ENSG00000184058,8
ENSG00000184156,36
ENSG00000184178,2
ENSG00000184254,8
ENSG00000184302,4
ENSG00000184304,4
ENSG00000184344,4
ENSG00000184381,18
ENSG00000184408,14
ENSG00000184500,2
ENSG00000184564,2
ENSG00000184584,12
ENSG00000184634,62
ENSG00000184640,2
ENSG00000184752,2
ENSG00000184831,2
ENSG00000184908,32
ENSG00000184916,2
ENSG00000184924,2
ENSG00000184937,10
ENSG00000185000,4
ENSG00000185002,8
ENSG00000185010,56
ENSG00000185024,8
ENSG00000185100,2
ENSG00000185115,4
ENSG00000185129,36
ENSG00000185231,10
ENSG00000185236,8
ENSG00000185245,20
ENSG00000185261,2
ENSG00000185303,2
ENSG00000185324,6
ENSG00000185344,6
ENSG00000185345,30
ENSG00000185379,2
ENSG00000185479,6
ENSG00000185482,2
ENSG00000185532,2
ENSG00000185551,2
ENSG00000185624,4
ENSG00000185630,6
ENSG00000185658,2
ENSG00000185760,22
ENSG00000185803,24
ENSG00000185808,2
ENSG00000185811,6
ENSG00000185813,4
ENSG00000185825,4
ENSG00000185920,78
ENSG00000185933,2
ENSG00000185960,2
ENSG00000185963,52
ENSG00000185974,2
ENSG00000186010,4
ENSG00000186073,6
ENSG00000186081,42
ENSG00000186104,2
ENSG00000186111,2
ENSG00000186153,18
ENSG00000186184,2
ENSG00000186197,4
ENSG00000186281,2
ENSG00000186297,8
ENSG00000186340,2
ENSG00000186395,22
ENSG00000186417,20
ENSG00000186439,4
ENSG00000186442,4
ENSG00000186487,44
ENSG00000186575,6
ENSG00000186603,8
ENSG00000186642,2
ENSG00000186687,4
ENSG00000186765,2
ENSG00000186790,10
ENSG00000186795,2
ENSG00000186832,20
ENSG00000186847,20
ENSG00000186862,8
ENSG00000186868,30
ENSG00000186895,4
ENSG00000187017,2
ENSG00000187045,8
ENSG00000187049,2
ENSG00000187091,2
ENSG00000187098,16
ENSG00000187240,78
ENSG00000187242,8
ENSG00000187323,4
ENSG00000187486,22
ENSG00000187498,88
ENSG00000187535,24
ENSG00000187555,8
ENSG00000187566,4
ENSG00000187605,10
ENSG00000187676,6
ENSG00000187714,4
ENSG00000187730,4
ENSG00000187736,2
ENSG00000187741,102
ENSG00000187775,2
ENSG00000187848,4
ENSG00000188021,10
ENSG00000188037,36
ENSG00000188107,50
ENSG00000188153,264
ENSG00000188157,6
ENSG00000188158,2
ENSG00000188162,8
ENSG00000188191,4
ENSG00000188419,12
ENSG00000188428,2
ENSG00000188452,12
ENSG00000188467,2
ENSG00000188536,30
ENSG00000188603,28
ENSG00000188641,10
ENSG00000188690,14
ENSG00000188706,8
ENSG00000188906,10
ENSG00000188910,12
ENSG00000188937,2
ENSG00000188994,8
ENSG00000189056,8
ENSG00000189057,8
ENSG00000189067,14
ENSG00000189079,4
ENSG00000189221,4
ENSG00000189433,4
ENSG00000196090,2
ENSG00000196091,12
ENSG00000196092,10
ENSG00000196132,2
ENSG00000196159,2
ENSG00000196177,6
ENSG00000196187,6
ENSG00000196189,2
ENSG00000196218,106
ENSG00000196230,2
ENSG00000196236,2
ENSG00000196277,4
ENSG00000196338,6
ENSG00000196358,2
ENSG00000196365,8
ENSG00000196367,30
ENSG00000196411,38
ENSG00000196431,2
ENSG00000196459,4
ENSG00000196511,10
ENSG00000196517,4
ENSG00000196549,12
ENSG00000196557,14
ENSG00000196565,6
ENSG00000196569,34
ENSG00000196584,2
ENSG00000196586,12
ENSG00000196628,86
ENSG00000196655,2
ENSG00000196689,2
ENSG00000196712,182
ENSG00000196739,8
ENSG00000196743,4
ENSG00000196767,10
ENSG00000196811,6
ENSG00000196839,70
ENSG00000196865,2
ENSG00000196876,84
ENSG00000196878,12
ENSG00000196924,60
ENSG00000196998,42
ENSG00000197081,2
ENSG00000197102,232
ENSG00000197122,2
ENSG00000197249,28
ENSG00000197265,2
ENSG00000197283,104
ENSG00000197296,4
ENSG00000197299,16
ENSG00000197321,2
ENSG00000197375,100
ENSG00000197444,4
ENSG00000197467,2
ENSG00000197496,20
ENSG00000197561,22
ENSG00000197563,22
ENSG00000197565,2
ENSG00000197594,20
ENSG00000197601,2
ENSG00000197603,48
ENSG00000197616,10
ENSG00000197653,2
ENSG00000197694,50
ENSG00000197746,10
ENSG00000197753,2
ENSG00000197785,10
ENSG00000197858,10
ENSG00000197859,12
ENSG00000197891,6
ENSG00000197912,28
ENSG00000197943,8
ENSG00000197969,6
ENSG00000198026,6
ENSG00000198130,8
ENSG00000198198,6
ENSG00000198216,42
ENSG00000198218,4
ENSG00000198223,4
ENSG00000198246,16
ENSG00000198265,2
ENSG00000198286,16
ENSG00000198331,2
ENSG00000198336,2
ENSG00000198400,54
ENSG00000198467,2
ENSG00000198513,16
ENSG00000198515,14
ENSG00000198561,2
ENSG00000198569,18
ENSG00000198589,2
ENSG00000198626,106
ENSG00000198650,8
ENSG00000198677,2
ENSG00000198682,4
ENSG00000198689,12
ENSG00000198690,2
ENSG00000198691,50
ENSG00000198695,18
ENSG00000198707,26
ENSG00000198718,4
ENSG00000198719,6
ENSG00000198727,8
ENSG00000198730,22
ENSG00000198734,18
ENSG00000198752,22
ENSG00000198786,14
ENSG00000198793,66
ENSG00000198794,2
ENSG00000198804,14
ENSG00000198805,8
ENSG00000198807,10
ENSG00000198814,4
ENSG00000198835,4
ENSG00000198836,90
ENSG00000198838,2
ENSG00000198840,6
ENSG00000198860,2
ENSG00000198886,4
ENSG00000198888,18
ENSG00000198899,26
ENSG00000198909,2
ENSG00000198910,62
ENSG00000198914,4
ENSG00000198917,10
ENSG00000198920,4
ENSG00000198931,14
ENSG00000198938,2
ENSG00000198947,36
ENSG00000198963,2
ENSG00000203485,62
ENSG00000203618,2
ENSG00000203667,2
ENSG00000203859,10
ENSG00000203867,22
ENSG00000203879,4
ENSG00000204103,12
ENSG00000204217,44
ENSG00000204248,26
ENSG00000204262,26
ENSG00000204264,2
ENSG00000204311,6
ENSG00000204351,4
ENSG00000204370,50
ENSG00000204371,2
ENSG00000204386,14
ENSG00000204394,18
ENSG00000204406,8
ENSG00000204410,2
ENSG00000204435,2
ENSG00000204539,2
ENSG00000204560,6
ENSG00000204644,2
ENSG00000204681,4
ENSG00000204815,2
ENSG00000204843,16
ENSG00000204852,4
ENSG00000204897,2
ENSG00000204983,18
ENSG00000205084,12
ENSG00000205090,4
ENSG00000205138,2
ENSG00000205336,22
ENSG00000205403,12
ENSG00000205413,44
ENSG00000205420,24
ENSG00000205426,2
ENSG00000205678,2
ENSG00000205726,2
ENSG00000205899,4
ENSG00000206013,4
ENSG00000206172,30
ENSG00000206557,2
ENSG00000206561,10
ENSG00000212907,2
ENSG00000213139,2
ENSG00000213398,24
ENSG00000213593,2
ENSG00000213614,36
ENSG00000213619,6
ENSG00000213638,2
ENSG00000213639,8
ENSG00000213689,4
ENSG00000213741,4
ENSG00000213892,4
ENSG00000213930,10
ENSG00000214140,2
ENSG00000214160,6
ENSG00000214274,2
ENSG00000214336,2
ENSG00000214960,10
ENSG00000215193,4
ENSG00000215203,2
ENSG00000215301,26
ENSG00000217128,2
ENSG00000218336,4
ENSG00000220205,2
ENSG00000221829,10
ENSG00000221838,6
ENSG00000223609,2
ENSG00000223953,2
ENSG00000224877,2
ENSG00000225614,2
ENSG00000225830,16
ENSG00000225950,2
ENSG00000229474,4
ENSG00000229833,6
ENSG00000231852,16
ENSG00000234438,4
ENSG00000234602,2
ENSG00000235718,6
ENSG00000236320,2
ENSG00000237412,2
ENSG00000239474,2
ENSG00000239900,14
ENSG00000240065,2
ENSG00000240505,2
ENSG00000241878,2
ENSG00000241935,10
ENSG00000241973,8
ENSG00000242110,2
ENSG00000242366,4
ENSG00000242419,2
ENSG00000242866,10
ENSG00000243335,12
ENSG00000243649,2
ENSG00000243989,2
ENSG00000244038,4
ENSG00000244045,4
ENSG00000244414,4
ENSG00000244486,6
ENSG00000244734,48
ENSG00000244752,4
ENSG00000245848,4
ENSG00000247626,4
ENSG00000248098,34
ENSG00000250479,6
ENSG00000251322,32
ENSG00000253710,10
ENSG00000253729,2
ENSG00000254585,4
ENSG00000254647,2
ENSG00000256053,2
ENSG00000256061,4
ENSG00000256269,8
ENSG00000256525,4
ENSG00000257218,2
ENSG00000257923,2
ENSG00000258366,12
ENSG00000258947,12
ENSG00000259207,40
ENSG00000259384,10
ENSG00000260230,2
ENSG00000261456,16
ENSG00000261609,2
ENSG00000263761,6
ENSG00000265203,8
ENSG00000267673,4
ENSG00000269335,10
ENSG00000272333,50
ENSG00000273079,222
ENSG00000273611,2
ENSG00000273820,2
ENSG00000275410,18
ENSG00000276045,8
ENSG00000276747,10
ENSG00000277161,2
ENSG00000277258,6
ENSG00000277494,12
ENSG00000277586,10
ENSG00000277893,16
ENSG00000278570,18
ENSG00000280789,2
ENSG00000284194,6
ENSG00000284770,6
ENSG00000284844,2
